날짜,ES Net,NQ Net,WTI Net,EUR Net,JPY Net,BTC Net,ES점수,NQ점수,WTI점수,EUR점수,JPY점수,BTC점수,투자의견,핵심메모
2026-06-23,-374569,-57403,82872,254730,-97092,-6130,31,34,33,60,66,30,JPY Buy / WTI Sell / BTC Hold,"ES Short Covering –122,076 시작 / WTI OI –95,832 사상급 이탈 / JPY AM-Lev 유일 일치"
2026-06-30,-362599,-79944,81282,255158,-115400,-5313,38,32,33,54,74,34,JPY Buy / WTI Sell,NQ숏 확대 vs 사상최고가 랠리 / EUR Lev숏 급증-AM괴리 / JPY AM-Lev 동시 강화
2026-07-07,-364959,-68479,64041,253918,-90083,-6717,36,44,48,44,55,29,전반 Hold / BTC Reduce,이란 휴전 붕괴-유가급등vsMM순롱축소 / JPY강세베팅급청산 / NQ숏커버링
2026-07-14,-370589,-80323,61974,247316,-90461,-7491,27,28,44,50,48,27,"전반 Reduce/Hold, BTC Reduce","COT마감 직후 美-이란 재확전(호르무즈 봉쇄, WTI+14%), 반도체 약세장 VIX급등, ES AM순롱 최대폭 축소, JPY숏커버링 반전신호 소멸"
2026-07-21,-329314,-90587,63979,228927,-96185,-7949,42,30,46,34,58,26,"NQ/BTC/EUR Reduce, ES/WTI Hold, JPY Buy(역발상)",이란전쟁 재확전-S&P사상최고 유지vsNQ숏확대 / 엔화40년최저에도 AM-Lev 롱확대 / EUR Lev숏 3주연속
2026-07-28,-302372,-76960,92943,209326,-101990,-6873,48,40,56,28,62,28,"NQ/ES/WTI Hold, JPY Buy, EUR/BTC Reduce",ES 3주연속 숏커버링 6주최고 / WTI MM순롱 급확대-가격괴리 축소 / EUR 4주연속 악화 6주최저 / JPY 역발상 2주째 지속
2026-08-04,-333099,-100640,86958,219262,-60825,-7240,32,38,40,55,70,47,JPY Buy / WTI Sell,ES숏 85%ile 사상최고가와공존 / JPY AM-Lev 동시 숏커버링
2026-08-11,-286505,-96727,79916,225389,-53070,-7052,45,41,38,57,76,42,JPY Buy / 나머지 Hold,ES 최대 숏커버링 / JPY 4주연속 개선 / WTI 가격-포지션 디커플링
2026-08-18,-289435,-67709,87479,237426,-67971,-7439,44,52,48,60,58,40,전반 Hold(JPY 하향),BTC스냅샷직후+22%폭등/JPY4주반전/NQ-ES디커플링
2026-09-22,-375616,-35670,101828,216483,7423,-7953,35,52,51,27,59,58,"NQ/WTI/USD Hold, ES/EUR Reduce, JPY/BTC Buy",Fed·BOJ 동시 인상/ES Lev숏 63.8천계약 급증/EUR AM롱 26주 최저/JPY 차익실현 15.7천계약/BTC ETF 7일 연속 유입
